{
  "accuracy": 0.5421581476627348,
  "f1": 0.5928515928515928,
  "roc_auc": 0.5777861220044906,
  "fold": 3,
  "n_train": 9157,
  "n_val": 2289
}