{
  "accuracy_mean": 0.564211636820106,
  "accuracy_std": 0.028902098825149335,
  "f1_mean": 0.5440557283919978,
  "f1_std": 0.09774558172571743,
  "roc_auc_mean": 0.6014461297249922,
  "roc_auc_std": 0.030002685499827313,
  "folds": [
    0,
    1,
    2,
    3,
    4
  ]
}