{
  "accuracy": 0.5723023154215815,
  "f1": 0.45398773006134974,
  "roc_auc": 0.6196495255586165,
  "fold": 4,
  "n_train": 9157,
  "n_val": 2289
}