{
  "accuracy": 0.5707423580786026,
  "f1": 0.5052843482637142,
  "roc_auc": 0.5947383561445235,
  "fold": 0,
  "n_train": 9156,
  "n_val": 2290
}