{
  "accuracy_mean": 0.5690195943767515,
  "accuracy_std": 0.010764347947393019,
  "f1_mean": 0.45444112823270266,
  "f1_std": 0.09686924822246384,
  "roc_auc_mean": 0.6100520142202195,
  "roc_auc_std": 0.01703357470099469,
  "folds": [
    0,
    1,
    2,
    3,
    4
  ]
}