{
  "accuracy": 0.5762341633901267,
  "f1": 0.5590909090909092,
  "roc_auc": 0.5949990211253388,
  "fold": 3,
  "n_train": 9157,
  "n_val": 2289
}