{
  "accuracy": 0.561817387505461,
  "f1": 0.40545346769413165,
  "roc_auc": 0.6051464063886425,
  "fold": 2,
  "n_train": 9157,
  "n_val": 2289
}