{
  "accuracy": 0.527304499781564,
  "f1": 0.6603892027620841,
  "roc_auc": 0.561459365916766,
  "fold": 1,
  "n_train": 9157,
  "n_val": 2289
}