{
  "accuracy": 0.5978165938864629,
  "f1": 0.5819337267362689,
  "roc_auc": 0.6304125548151488,
  "fold": 0,
  "n_train": 9156,
  "n_val": 2290
}