{
  "accuracy": 0.581476627348187,
  "f1": 0.49042553191489363,
  "roc_auc": 0.6225238999311145,
  "fold": 1,
  "n_train": 9157,
  "n_val": 2289
}