{
  "accuracy": 0.5548274355613805,
  "f1": 0.31195138419986496,
  "roc_auc": 0.6328523875114784,
  "fold": 4,
  "n_train": 9157,
  "n_val": 2289
}