{
  "accuracy": 0.581476627348187,
  "f1": 0.4311163895486936,
  "roc_auc": 0.6179230803299394,
  "fold": 2,
  "n_train": 9157,
  "n_val": 2289
}